record_label,transaction_id,account_id,user_id,user_name,user_age,date,month,name,category,subcategory,amount,currency,direction,account_type,institution,balance_after,is_recurring,budget_limit,budget_pct_used,tags,note,risk_flag,anomaly_score,fx_rate_to_usd,original_currency,original_amount,pending,lat,lon
SYNTHETIC_DATA_DO_NOT_USE_IN_PRODUCTION,TXN-INC-1000,acc_main_001,USR-2024-X92,Ananthu Anil,28,2026-02-13,2026-02,Corporate Salary Credit,Income,Professional Services,125000.0,INR,credit,Checking,Real Rails Global Bank,370000.0,True,,,salary_income,,False,0.0,0.012,INR,125000.0,False,19.07,72.87
SYNTHETIC_DATA_DO_NOT_USE_IN_PRODUCTION,TXN-INC-1001,acc_main_001,USR-2024-X92,Ananthu Anil,28,2026-03-15,2026-03,Corporate Salary Credit,Income,Professional Services,125000.0,INR,credit,Checking,Real Rails Global Bank,495000.0,True,,,salary_income,,False,0.0,0.012,INR,125000.0,False,19.07,72.87
SYNTHETIC_DATA_DO_NOT_USE_IN_PRODUCTION,TXN-INC-1002,acc_main_001,USR-2024-X92,Ananthu Anil,28,2026-04-14,2026-04,Corporate Salary Credit,Income,Professional Services,125000.0,INR,credit,Checking,Real Rails Global Bank,620000.0,True,,,salary_income,,False,0.0,0.012,INR,125000.0,False,19.07,72.87
SYNTHETIC_DATA_DO_NOT_USE_IN_PRODUCTION,TXN-FIX-2000,acc_main_001,USR-2024-X92,Ananthu Anil,28,2026-02-22,2026-02,HDFC Home Loan EMI,Loan|Housing,Fixed Expense,35000.0,INR,debit,Checking,Real Rails Global Bank,585000.0,True,38500.0,90.9,fixed_cost,,False,0.0,0.012,INR,35000.0,False,12.97,77.59
SYNTHETIC_DATA_DO_NOT_USE_IN_PRODUCTION,TXN-FIX-2001,acc_main_001,USR-2024-X92,Ananthu Anil,28,2026-02-22,2026-02,ICICI Car Loan EMI,Loan|Transport,Fixed Expense,12000.0,INR,debit,Checking,Real Rails Global Bank,573000.0,True,13200.000000000002,90.9,fixed_cost,,False,0.0,0.012,INR,12000.0,False,12.97,77.59
SYNTHETIC_DATA_DO_NOT_USE_IN_PRODUCTION,TXN-FIX-2002,acc_credit_003,USR-2024-X92,Ananthu Anil,28,2026-02-23,2026-02,Cloud SaaS Subscription,Digital|SaaS,Fixed Expense,1200.0,INR,debit,Checking,Real Rails Global Bank,-13200.0,True,1320.0,90.9,fixed_cost,,False,0.0,0.012,INR,1200.0,False,12.97,77.59
SYNTHETIC_DATA_DO_NOT_USE_IN_PRODUCTION,TXN-FIX-2010,acc_main_001,USR-2024-X92,Ananthu Anil,28,2026-03-26,2026-03,HDFC Home Loan EMI,Loan|Housing,Fixed Expense,35000.0,INR,debit,Checking,Real Rails Global Bank,538000.0,True,38500.0,90.9,fixed_cost,,False,0.0,0.012,INR,35000.0,False,12.97,77.59
SYNTHETIC_DATA_DO_NOT_USE_IN_PRODUCTION,TXN-FIX-2011,acc_main_001,USR-2024-X92,Ananthu Anil,28,2026-03-24,2026-03,ICICI Car Loan EMI,Loan|Transport,Fixed Expense,12000.0,INR,debit,Checking,Real Rails Global Bank,526000.0,True,13200.000000000002,90.9,fixed_cost,,False,0.0,0.012,INR,12000.0,False,12.97,77.59
SYNTHETIC_DATA_DO_NOT_USE_IN_PRODUCTION,TXN-FIX-2012,acc_credit_003,USR-2024-X92,Ananthu Anil,28,2026-03-26,2026-03,Cloud SaaS Subscription,Digital|SaaS,Fixed Expense,1200.0,INR,debit,Checking,Real Rails Global Bank,-14400.0,True,1320.0,90.9,fixed_cost,,False,0.0,0.012,INR,1200.0,False,12.97,77.59
SYNTHETIC_DATA_DO_NOT_USE_IN_PRODUCTION,TXN-FIX-2020,acc_main_001,USR-2024-X92,Ananthu Anil,28,2026-04-23,2026-04,HDFC Home Loan EMI,Loan|Housing,Fixed Expense,35000.0,INR,debit,Checking,Real Rails Global Bank,491000.0,True,38500.0,90.9,fixed_cost,,False,0.0,0.012,INR,35000.0,False,12.97,77.59
SYNTHETIC_DATA_DO_NOT_USE_IN_PRODUCTION,TXN-FIX-2021,acc_main_001,USR-2024-X92,Ananthu Anil,28,2026-04-23,2026-04,ICICI Car Loan EMI,Loan|Transport,Fixed Expense,12000.0,INR,debit,Checking,Real Rails Global Bank,479000.0,True,13200.000000000002,90.9,fixed_cost,,False,0.0,0.012,INR,12000.0,False,12.97,77.59
SYNTHETIC_DATA_DO_NOT_USE_IN_PRODUCTION,TXN-FIX-2022,acc_credit_003,USR-2024-X92,Ananthu Anil,28,2026-04-24,2026-04,Cloud SaaS Subscription,Digital|SaaS,Fixed Expense,1200.0,INR,debit,Checking,Real Rails Global Bank,-15600.0,True,1320.0,90.9,fixed_cost,,False,0.0,0.012,INR,1200.0,False,12.97,77.59
SYNTHETIC_DATA_DO_NOT_USE_IN_PRODUCTION,TXN-DYN-5000,acc_credit_003,USR-2024-X92,Ananthu Anil,28,2026-03-13,2026-03,Shell Fuel,Automotive,Essential,1204.72,INR,debit,Checking,Real Rails Global Bank,-16804.72,False,,,automotive,,False,0.0,0.012,INR,1204.72,False,12.97,77.59
SYNTHETIC_DATA_DO_NOT_USE_IN_PRODUCTION,TXN-DYN-5001,acc_check_002,USR-2024-X92,Ananthu Anil,28,2026-03-21,2026-03,Swiggy,Food,Essential,519.77,INR,debit,Checking,Real Rails Global Bank,44480.23,False,,,food,,False,0.0,0.012,INR,519.77,False,19.07,72.87
SYNTHETIC_DATA_DO_NOT_USE_IN_PRODUCTION,TXN-DYN-5002,acc_credit_003,USR-2024-X92,Ananthu Anil,28,2026-02-16,2026-02,Netflix,Entertainment,Recurring,220.46,INR,debit,Checking,Real Rails Global Bank,-17025.18,True,,,entertainment,,False,0.0,0.012,INR,220.46,False,19.07,72.87
SYNTHETIC_DATA_DO_NOT_USE_IN_PRODUCTION,TXN-DYN-5003,acc_check_002,USR-2024-X92,Ananthu Anil,28,2026-03-01,2026-03,Shell Fuel,Automotive,Essential,2419.52,INR,debit,Checking,Real Rails Global Bank,42060.71000000001,False,,,automotive,,False,0.0,0.012,INR,2419.52,False,19.07,77.59
SYNTHETIC_DATA_DO_NOT_USE_IN_PRODUCTION,TXN-DYN-5004,acc_check_002,USR-2024-X92,Ananthu Anil,28,2026-05-13,2026-05,Starbucks,Food,Discretionary,1996.78,INR,debit,Checking,Real Rails Global Bank,40063.93000000001,False,,,food,,False,0.0,0.012,INR,1996.78,False,19.07,77.59
SYNTHETIC_DATA_DO_NOT_USE_IN_PRODUCTION,TXN-DYN-5005,acc_credit_003,USR-2024-X92,Ananthu Anil,28,2026-04-16,2026-04,Amazon,Shopping,Discretionary,1477.73,INR,debit,Checking,Real Rails Global Bank,-18502.91,False,,,shopping,,False,0.0,0.012,INR,1477.73,False,19.07,72.87
SYNTHETIC_DATA_DO_NOT_USE_IN_PRODUCTION,TXN-DYN-5006,acc_check_002,USR-2024-X92,Ananthu Anil,28,2026-02-23,2026-02,Apple Store,Tech,One-off,27401.03,INR,debit,Checking,Real Rails Global Bank,12662.900000000009,False,,,tech,,False,0.0,0.012,INR,27401.03,False,12.97,77.2
SYNTHETIC_DATA_DO_NOT_USE_IN_PRODUCTION,TXN-DYN-5007,acc_check_002,USR-2024-X92,Ananthu Anil,28,2026-05-01,2026-05,Shell Fuel,Automotive,Essential,1118.04,INR,debit,Checking,Real Rails Global Bank,11544.860000000008,False,,,automotive,,False,0.0,0.012,INR,1118.04,False,28.61,77.2
SYNTHETIC_DATA_DO_NOT_USE_IN_PRODUCTION,TXN-DYN-5008,acc_credit_003,USR-2024-X92,Ananthu Anil,28,2026-05-05,2026-05,Swiggy,Food,Essential,604.88,INR,debit,Checking,Real Rails Global Bank,-19107.79,False,,,food,,False,0.0,0.012,INR,604.88,False,28.61,72.87
SYNTHETIC_DATA_DO_NOT_USE_IN_PRODUCTION,TXN-DYN-5009,acc_credit_003,USR-2024-X92,Ananthu Anil,28,2026-04-19,2026-04,Swiggy,Food,Essential,1958.18,INR,debit,Checking,Real Rails Global Bank,-21065.97,False,,,food,,False,0.0,0.012,INR,1958.18,False,12.97,72.87
SYNTHETIC_DATA_DO_NOT_USE_IN_PRODUCTION,TXN-DYN-5010,acc_credit_003,USR-2024-X92,Ananthu Anil,28,2026-02-20,2026-02,Shell Fuel,Automotive,Essential,305.0,INR,debit,Checking,Real Rails Global Bank,-21370.97,False,,,automotive,,False,0.0,0.012,INR,305.0,False,12.97,77.2
SYNTHETIC_DATA_DO_NOT_USE_IN_PRODUCTION,TXN-DYN-5011,acc_credit_003,USR-2024-X92,Ananthu Anil,28,2026-04-03,2026-04,Zomato,Food,Discretionary,411.08,INR,debit,Checking,Real Rails Global Bank,-21782.050000000003,False,,,food,,False,0.0,0.012,INR,411.08,False,28.61,77.2
SYNTHETIC_DATA_DO_NOT_USE_IN_PRODUCTION,TXN-DYN-5012,acc_check_002,USR-2024-X92,Ananthu Anil,28,2026-04-13,2026-04,Shell Fuel,Automotive,Essential,531.72,INR,debit,Checking,Real Rails Global Bank,11013.140000000009,False,,,automotive,,False,0.0,0.012,INR,531.72,False,19.07,72.87
SYNTHETIC_DATA_DO_NOT_USE_IN_PRODUCTION,TXN-DYN-5013,acc_check_002,USR-2024-X92,Ananthu Anil,28,2026-05-03,2026-05,Swiggy,Food,Essential,361.83,INR,debit,Checking,Real Rails Global Bank,10651.310000000009,False,,,food,,False,0.0,0.012,INR,361.83,False,28.61,77.2
SYNTHETIC_DATA_DO_NOT_USE_IN_PRODUCTION,TXN-DYN-5014,acc_credit_003,USR-2024-X92,Ananthu Anil,28,2026-02-17,2026-02,Shell Fuel,Automotive,Essential,361.81,INR,debit,Checking,Real Rails Global Bank,-22143.860000000004,False,,,automotive,,False,0.0,0.012,INR,361.81,False,12.97,72.87
SYNTHETIC_DATA_DO_NOT_USE_IN_PRODUCTION,TXN-DYN-5015,acc_credit_003,USR-2024-X92,Ananthu Anil,28,2026-03-06,2026-03,Amazon,Shopping,Discretionary,2274.16,INR,debit,Checking,Real Rails Global Bank,-24418.020000000004,False,,,shopping,,False,0.0,0.012,INR,2274.16,False,28.61,77.2
SYNTHETIC_DATA_DO_NOT_USE_IN_PRODUCTION,TXN-DYN-5016,acc_check_002,USR-2024-X92,Ananthu Anil,28,2026-05-13,2026-05,Amazon,Shopping,Discretionary,842.11,INR,debit,Checking,Real Rails Global Bank,9809.200000000008,False,,,shopping,,False,0.0,0.012,INR,842.11,False,28.61,72.87
SYNTHETIC_DATA_DO_NOT_USE_IN_PRODUCTION,TXN-DYN-5017,acc_check_002,USR-2024-X92,Ananthu Anil,28,2026-02-16,2026-02,Zomato,Food,Discretionary,1776.17,INR,debit,Checking,Real Rails Global Bank,8033.030000000008,False,,,food,,False,0.0,0.012,INR,1776.17,False,28.61,77.2
SYNTHETIC_DATA_DO_NOT_USE_IN_PRODUCTION,TXN-DYN-5018,acc_credit_003,USR-2024-X92,Ananthu Anil,28,2026-03-01,2026-03,Netflix,Entertainment,Recurring,347.43,INR,debit,Checking,Real Rails Global Bank,-24765.450000000004,True,,,entertainment,,False,0.0,0.012,INR,347.43,False,19.07,77.2
SYNTHETIC_DATA_DO_NOT_USE_IN_PRODUCTION,TXN-DYN-5019,acc_credit_003,USR-2024-X92,Ananthu Anil,28,2026-04-29,2026-04,Uber,Travel,Essential,2065.43,INR,debit,Checking,Real Rails Global Bank,-26830.880000000005,False,,,travel,,False,0.0,0.012,INR,2065.43,False,12.97,72.87
SYNTHETIC_DATA_DO_NOT_USE_IN_PRODUCTION,TXN-DYN-5020,acc_credit_003,USR-2024-X92,Ananthu Anil,28,2026-02-24,2026-02,Amazon,Shopping,Discretionary,2040.12,INR,debit,Checking,Real Rails Global Bank,-28871.000000000004,False,,,shopping,,False,0.0,0.012,INR,2040.12,False,28.61,77.2
SYNTHETIC_DATA_DO_NOT_USE_IN_PRODUCTION,TXN-DYN-5021,acc_credit_003,USR-2024-X92,Ananthu Anil,28,2026-03-16,2026-03,Uber,Travel,Essential,1199.0,INR,debit,Checking,Real Rails Global Bank,-30070.000000000004,False,,,travel,,False,0.0,0.012,INR,1199.0,False,19.07,72.87
SYNTHETIC_DATA_DO_NOT_USE_IN_PRODUCTION,TXN-DYN-5022,acc_credit_003,USR-2024-X92,Ananthu Anil,28,2026-02-26,2026-02,Starbucks,Food,Discretionary,916.21,INR,debit,Checking,Real Rails Global Bank,-30986.210000000003,False,,,food,,False,0.0,0.012,INR,916.21,False,12.97,77.2
SYNTHETIC_DATA_DO_NOT_USE_IN_PRODUCTION,TXN-DYN-5023,acc_check_002,USR-2024-X92,Ananthu Anil,28,2026-02-22,2026-02,Swiggy,Food,Essential,2375.38,INR,debit,Checking,Real Rails Global Bank,5657.650000000008,False,,,food,,False,0.0,0.012,INR,2375.38,False,12.97,77.59
SYNTHETIC_DATA_DO_NOT_USE_IN_PRODUCTION,TXN-DYN-5024,acc_check_002,USR-2024-X92,Ananthu Anil,28,2026-03-03,2026-03,Shell Fuel,Automotive,Essential,678.09,INR,debit,Checking,Real Rails Global Bank,4979.560000000008,False,,,automotive,,False,0.0,0.012,INR,678.09,False,19.07,72.87
SYNTHETIC_DATA_DO_NOT_USE_IN_PRODUCTION,TXN-DYN-5025,acc_check_002,USR-2024-X92,Ananthu Anil,28,2026-02-12,2026-02,Netflix,Entertainment,Recurring,1249.58,INR,debit,Checking,Real Rails Global Bank,3729.9800000000077,True,,,entertainment,,False,0.0,0.012,INR,1249.58,False,28.61,77.2
SYNTHETIC_DATA_DO_NOT_USE_IN_PRODUCTION,TXN-DYN-5026,acc_credit_003,USR-2024-X92,Ananthu Anil,28,2026-04-05,2026-04,Shell Fuel,Automotive,Essential,1651.55,INR,debit,Checking,Real Rails Global Bank,-32637.760000000002,False,,,automotive,,False,0.0,0.012,INR,1651.55,False,19.07,77.59
SYNTHETIC_DATA_DO_NOT_USE_IN_PRODUCTION,TXN-DYN-5027,acc_check_002,USR-2024-X92,Ananthu Anil,28,2026-04-11,2026-04,Swiggy,Food,Essential,1441.95,INR,debit,Checking,Real Rails Global Bank,2288.030000000008,False,,,food,,False,0.0,0.012,INR,1441.95,False,12.97,77.2
SYNTHETIC_DATA_DO_NOT_USE_IN_PRODUCTION,TXN-DYN-5028,acc_check_002,USR-2024-X92,Ananthu Anil,28,2026-04-30,2026-04,Amazon,Shopping,Discretionary,1078.04,INR,debit,Checking,Real Rails Global Bank,1209.990000000008,False,,,shopping,,False,0.0,0.012,INR,1078.04,False,28.61,77.59
SYNTHETIC_DATA_DO_NOT_USE_IN_PRODUCTION,TXN-DYN-5029,acc_credit_003,USR-2024-X92,Ananthu Anil,28,2026-05-05,2026-05,Amazon,Shopping,Discretionary,626.75,INR,debit,Checking,Real Rails Global Bank,-33264.51,False,,,shopping,,False,0.0,0.012,INR,626.75,False,12.97,72.87
SYNTHETIC_DATA_DO_NOT_USE_IN_PRODUCTION,TXN-DYN-5030,acc_credit_003,USR-2024-X92,Ananthu Anil,28,2026-02-20,2026-02,Zomato,Food,Discretionary,384.2,INR,debit,Checking,Real Rails Global Bank,-33648.71,False,,,food,,False,0.0,0.012,INR,384.2,False,19.07,77.2
SYNTHETIC_DATA_DO_NOT_USE_IN_PRODUCTION,TXN-DYN-5031,acc_credit_003,USR-2024-X92,Ananthu Anil,28,2026-03-12,2026-03,Netflix,Entertainment,Recurring,2436.45,INR,debit,Checking,Real Rails Global Bank,-36085.159999999996,True,,,entertainment,,False,0.0,0.012,INR,2436.45,False,28.61,77.59
SYNTHETIC_DATA_DO_NOT_USE_IN_PRODUCTION,TXN-DYN-5032,acc_credit_003,USR-2024-X92,Ananthu Anil,28,2026-03-02,2026-03,Amazon,Shopping,Discretionary,841.48,INR,debit,Checking,Real Rails Global Bank,-36926.64,False,,,shopping,,False,0.0,0.012,INR,841.48,False,12.97,77.2
SYNTHETIC_DATA_DO_NOT_USE_IN_PRODUCTION,TXN-DYN-5033,acc_check_002,USR-2024-X92,Ananthu Anil,28,2026-03-25,2026-03,Apple Store,Tech,One-off,17682.68,INR,debit,Checking,Real Rails Global Bank,-16472.68999999999,False,,,tech,,False,0.0,0.012,INR,17682.68,False,19.07,77.2
SYNTHETIC_DATA_DO_NOT_USE_IN_PRODUCTION,TXN-DYN-5034,acc_check_002,USR-2024-X92,Ananthu Anil,28,2026-04-09,2026-04,Zomato,Food,Discretionary,1366.04,INR,debit,Checking,Real Rails Global Bank,-17838.729999999992,False,,,food,,False,0.0,0.012,INR,1366.04,False,12.97,72.87
SYNTHETIC_DATA_DO_NOT_USE_IN_PRODUCTION,TXN-DYN-5035,acc_check_002,USR-2024-X92,Ananthu Anil,28,2026-02-16,2026-02,Starbucks,Food,Discretionary,940.54,INR,debit,Checking,Real Rails Global Bank,-18779.269999999993,False,,,food,,False,0.0,0.012,INR,940.54,False,28.61,77.59
SYNTHETIC_DATA_DO_NOT_USE_IN_PRODUCTION,TXN-DYN-5036,acc_credit_003,USR-2024-X92,Ananthu Anil,28,2026-03-21,2026-03,Swiggy,Food,Essential,2399.71,INR,debit,Checking,Real Rails Global Bank,-39326.35,False,,,food,,False,0.0,0.012,INR,2399.71,False,12.97,77.2
SYNTHETIC_DATA_DO_NOT_USE_IN_PRODUCTION,TXN-DYN-5037,acc_check_002,USR-2024-X92,Ananthu Anil,28,2026-02-13,2026-02,Amazon,Shopping,Discretionary,2055.1,INR,debit,Checking,Real Rails Global Bank,-20834.36999999999,False,,,shopping,,False,0.0,0.012,INR,2055.1,False,28.61,77.2
SYNTHETIC_DATA_DO_NOT_USE_IN_PRODUCTION,TXN-DYN-5038,acc_credit_003,USR-2024-X92,Ananthu Anil,28,2026-03-20,2026-03,Apple Store,Tech,One-off,10811.74,INR,debit,Checking,Real Rails Global Bank,-50138.09,False,,,tech,,False,0.0,0.012,INR,10811.74,False,19.07,77.59
SYNTHETIC_DATA_DO_NOT_USE_IN_PRODUCTION,TXN-DYN-5039,acc_check_002,USR-2024-X92,Ananthu Anil,28,2026-02-21,2026-02,Shell Fuel,Automotive,Essential,1008.64,INR,debit,Checking,Real Rails Global Bank,-21843.00999999999,False,,,automotive,,False,0.0,0.012,INR,1008.64,False,19.07,77.2
SYNTHETIC_DATA_DO_NOT_USE_IN_PRODUCTION,TXN-DYN-5040,acc_credit_003,USR-2024-X92,Ananthu Anil,28,2026-04-05,2026-04,Shell Fuel,Automotive,Essential,1437.02,INR,debit,Checking,Real Rails Global Bank,-51575.10999999999,False,,,automotive,,False,0.0,0.012,INR,1437.02,False,12.97,77.59
SYNTHETIC_DATA_DO_NOT_USE_IN_PRODUCTION,TXN-DYN-5041,acc_check_002,USR-2024-X92,Ananthu Anil,28,2026-02-19,2026-02,Apple Store,Tech,One-off,18743.11,INR,debit,Checking,Real Rails Global Bank,-40586.119999999995,False,,,tech,,False,0.0,0.012,INR,18743.11,False,28.61,72.87
SYNTHETIC_DATA_DO_NOT_USE_IN_PRODUCTION,TXN-DYN-5042,acc_credit_003,USR-2024-X92,Ananthu Anil,28,2026-04-10,2026-04,Shell Fuel,Automotive,Essential,508.55,INR,debit,Checking,Real Rails Global Bank,-52083.659999999996,False,,,automotive,,False,0.0,0.012,INR,508.55,False,28.61,77.2
SYNTHETIC_DATA_DO_NOT_USE_IN_PRODUCTION,TXN-DYN-5043,acc_credit_003,USR-2024-X92,Ananthu Anil,28,2026-04-26,2026-04,Swiggy,Food,Essential,1165.05,INR,debit,Checking,Real Rails Global Bank,-53248.71,False,,,food,,False,0.0,0.012,INR,1165.05,False,28.61,72.87
SYNTHETIC_DATA_DO_NOT_USE_IN_PRODUCTION,TXN-DYN-5044,acc_check_002,USR-2024-X92,Ananthu Anil,28,2026-02-26,2026-02,Amazon,Shopping,Discretionary,424.34,INR,debit,Checking,Real Rails Global Bank,-41010.45999999999,False,,,shopping,,False,0.0,0.012,INR,424.34,False,12.97,77.2
SYNTHETIC_DATA_DO_NOT_USE_IN_PRODUCTION,TXN-DYN-5045,acc_credit_003,USR-2024-X92,Ananthu Anil,28,2026-03-21,2026-03,Uber,Travel,Essential,408.25,INR,debit,Checking,Real Rails Global Bank,-53656.96,False,,,travel,,False,0.0,0.012,INR,408.25,False,12.97,72.87
SYNTHETIC_DATA_DO_NOT_USE_IN_PRODUCTION,TXN-DYN-5046,acc_check_002,USR-2024-X92,Ananthu Anil,28,2026-02-24,2026-02,Uber,Travel,Essential,372.68,INR,debit,Checking,Real Rails Global Bank,-41383.13999999999,False,,,travel,,False,0.0,0.012,INR,372.68,False,28.61,77.59
SYNTHETIC_DATA_DO_NOT_USE_IN_PRODUCTION,TXN-DYN-5047,acc_credit_003,USR-2024-X92,Ananthu Anil,28,2026-04-04,2026-04,Netflix,Entertainment,Recurring,435.16,INR,debit,Checking,Real Rails Global Bank,-54092.12,True,,,entertainment,,False,0.0,0.012,INR,435.16,False,28.61,72.87
SYNTHETIC_DATA_DO_NOT_USE_IN_PRODUCTION,TXN-DYN-5048,acc_check_002,USR-2024-X92,Ananthu Anil,28,2026-03-25,2026-03,Starbucks,Food,Discretionary,451.63,INR,debit,Checking,Real Rails Global Bank,-41834.76999999999,False,,,food,,False,0.0,0.012,INR,451.63,False,19.07,72.87
SYNTHETIC_DATA_DO_NOT_USE_IN_PRODUCTION,TXN-DYN-5049,acc_credit_003,USR-2024-X92,Ananthu Anil,28,2026-02-26,2026-02,Swiggy,Food,Essential,731.94,INR,debit,Checking,Real Rails Global Bank,-54824.060000000005,False,,,food,,False,0.0,0.012,INR,731.94,False,12.97,72.87
SYNTHETIC_DATA_DO_NOT_USE_IN_PRODUCTION,TXN-DYN-5050,acc_check_002,USR-2024-X92,Ananthu Anil,28,2026-03-13,2026-03,Apple Store,Tech,One-off,35392.57,INR,debit,Checking,Real Rails Global Bank,-77227.34,False,,,tech,,True,0.88,0.012,INR,35392.57,False,19.07,77.2
SYNTHETIC_DATA_DO_NOT_USE_IN_PRODUCTION,TXN-DYN-5051,acc_check_002,USR-2024-X92,Ananthu Anil,28,2026-03-30,2026-03,Starbucks,Food,Discretionary,1138.67,INR,debit,Checking,Real Rails Global Bank,-78366.01,False,,,food,,False,0.0,0.012,INR,1138.67,False,19.07,77.59
SYNTHETIC_DATA_DO_NOT_USE_IN_PRODUCTION,TXN-DYN-5052,acc_check_002,USR-2024-X92,Ananthu Anil,28,2026-04-29,2026-04,Amazon,Shopping,Discretionary,1894.89,INR,debit,Checking,Real Rails Global Bank,-80260.9,False,,,shopping,,False,0.0,0.012,INR,1894.89,False,19.07,77.59
SYNTHETIC_DATA_DO_NOT_USE_IN_PRODUCTION,TXN-DYN-5053,acc_credit_003,USR-2024-X92,Ananthu Anil,28,2026-05-01,2026-05,Zomato,Food,Discretionary,1060.55,INR,debit,Checking,Real Rails Global Bank,-55884.61000000001,False,,,food,,False,0.0,0.012,INR,1060.55,False,19.07,72.87
SYNTHETIC_DATA_DO_NOT_USE_IN_PRODUCTION,TXN-DYN-5054,acc_credit_003,USR-2024-X92,Ananthu Anil,28,2026-02-28,2026-02,Swiggy,Food,Essential,1131.09,INR,debit,Checking,Real Rails Global Bank,-57015.700000000004,False,,,food,,False,0.0,0.012,INR,1131.09,False,19.07,77.2
SYNTHETIC_DATA_DO_NOT_USE_IN_PRODUCTION,TXN-DYN-5055,acc_credit_003,USR-2024-X92,Ananthu Anil,28,2026-03-02,2026-03,Amazon,Shopping,Discretionary,711.23,INR,debit,Checking,Real Rails Global Bank,-57726.93000000001,False,,,shopping,,False,0.0,0.012,INR,711.23,False,12.97,72.87
SYNTHETIC_DATA_DO_NOT_USE_IN_PRODUCTION,TXN-DYN-5056,acc_check_002,USR-2024-X92,Ananthu Anil,28,2026-02-21,2026-02,Zomato,Food,Discretionary,2058.82,INR,debit,Checking,Real Rails Global Bank,-82319.72,False,,,food,,False,0.0,0.012,INR,2058.82,False,28.61,77.2
SYNTHETIC_DATA_DO_NOT_USE_IN_PRODUCTION,TXN-DYN-5057,acc_credit_003,USR-2024-X92,Ananthu Anil,28,2026-04-04,2026-04,Amazon,Shopping,Discretionary,1200.56,INR,debit,Checking,Real Rails Global Bank,-58927.490000000005,False,,,shopping,,False,0.0,0.012,INR,1200.56,False,28.61,77.2
SYNTHETIC_DATA_DO_NOT_USE_IN_PRODUCTION,TXN-DYN-5058,acc_check_002,USR-2024-X92,Ananthu Anil,28,2026-03-03,2026-03,Amazon,Shopping,Discretionary,1995.52,INR,debit,Checking,Real Rails Global Bank,-84315.24,False,,,shopping,,False,0.0,0.012,INR,1995.52,False,19.07,72.87
SYNTHETIC_DATA_DO_NOT_USE_IN_PRODUCTION,TXN-DYN-5059,acc_credit_003,USR-2024-X92,Ananthu Anil,28,2026-03-06,2026-03,Uber,Travel,Essential,370.48,INR,debit,Checking,Real Rails Global Bank,-59297.97000000001,False,,,travel,,False,0.0,0.012,INR,370.48,False,19.07,77.59
SYNTHETIC_DATA_DO_NOT_USE_IN_PRODUCTION,TXN-DYN-5060,acc_credit_003,USR-2024-X92,Ananthu Anil,28,2026-05-09,2026-05,Apple Store,Tech,One-off,42177.97,INR,debit,Checking,Real Rails Global Bank,-101475.94,False,,,tech,,True,0.88,0.012,INR,42177.97,False,28.61,77.59
SYNTHETIC_DATA_DO_NOT_USE_IN_PRODUCTION,TXN-DYN-5061,acc_check_002,USR-2024-X92,Ananthu Anil,28,2026-04-08,2026-04,Starbucks,Food,Discretionary,1456.49,INR,debit,Checking,Real Rails Global Bank,-85771.73000000001,False,,,food,,False,0.0,0.012,INR,1456.49,False,28.61,72.87
SYNTHETIC_DATA_DO_NOT_USE_IN_PRODUCTION,TXN-DYN-5062,acc_check_002,USR-2024-X92,Ananthu Anil,28,2026-04-12,2026-04,Swiggy,Food,Essential,1423.78,INR,debit,Checking,Real Rails Global Bank,-87195.51000000001,False,,,food,,False,0.0,0.012,INR,1423.78,False,28.61,77.59
SYNTHETIC_DATA_DO_NOT_USE_IN_PRODUCTION,TXN-DYN-5063,acc_check_002,USR-2024-X92,Ananthu Anil,28,2026-04-03,2026-04,Swiggy,Food,Essential,1306.66,INR,debit,Checking,Real Rails Global Bank,-88502.17000000001,False,,,food,,False,0.0,0.012,INR,1306.66,False,19.07,77.2
SYNTHETIC_DATA_DO_NOT_USE_IN_PRODUCTION,TXN-DYN-5064,acc_credit_003,USR-2024-X92,Ananthu Anil,28,2026-02-22,2026-02,Zomato,Food,Discretionary,1383.77,INR,debit,Checking,Real Rails Global Bank,-102859.71,False,,,food,,False,0.0,0.012,INR,1383.77,False,28.61,72.87
SYNTHETIC_DATA_DO_NOT_USE_IN_PRODUCTION,TXN-DYN-5065,acc_check_002,USR-2024-X92,Ananthu Anil,28,2026-03-25,2026-03,Starbucks,Food,Discretionary,2335.19,INR,debit,Checking,Real Rails Global Bank,-90837.36000000002,False,,,food,,False,0.0,0.012,INR,2335.19,False,19.07,77.59
SYNTHETIC_DATA_DO_NOT_USE_IN_PRODUCTION,TXN-DYN-5066,acc_check_002,USR-2024-X92,Ananthu Anil,28,2026-03-20,2026-03,Amazon,Shopping,Discretionary,996.72,INR,debit,Checking,Real Rails Global Bank,-91834.08000000002,False,,,shopping,,False,0.0,0.012,INR,996.72,False,12.97,77.59
SYNTHETIC_DATA_DO_NOT_USE_IN_PRODUCTION,TXN-DYN-5067,acc_credit_003,USR-2024-X92,Ananthu Anil,28,2026-02-12,2026-02,Starbucks,Food,Discretionary,251.07,INR,debit,Checking,Real Rails Global Bank,-103110.78000000001,False,,,food,,False,0.0,0.012,INR,251.07,False,12.97,77.59
SYNTHETIC_DATA_DO_NOT_USE_IN_PRODUCTION,TXN-DYN-5068,acc_check_002,USR-2024-X92,Ananthu Anil,28,2026-03-27,2026-03,Apple Store,Tech,One-off,28180.0,INR,debit,Checking,Real Rails Global Bank,-120014.08000000002,False,,,tech,,False,0.0,0.012,INR,28180.0,False,12.97,77.2
SYNTHETIC_DATA_DO_NOT_USE_IN_PRODUCTION,TXN-DYN-5069,acc_credit_003,USR-2024-X92,Ananthu Anil,28,2026-05-02,2026-05,Swiggy,Food,Essential,470.39,INR,debit,Checking,Real Rails Global Bank,-103581.17000000001,False,,,food,,False,0.0,0.012,INR,470.39,False,12.97,77.59
SYNTHETIC_DATA_DO_NOT_USE_IN_PRODUCTION,TXN-DYN-5070,acc_credit_003,USR-2024-X92,Ananthu Anil,28,2026-05-11,2026-05,Amazon,Shopping,Discretionary,2336.72,INR,debit,Checking,Real Rails Global Bank,-105917.89000000001,False,,,shopping,,False,0.0,0.012,INR,2336.72,False,28.61,72.87
SYNTHETIC_DATA_DO_NOT_USE_IN_PRODUCTION,TXN-DYN-5071,acc_check_002,USR-2024-X92,Ananthu Anil,28,2026-04-18,2026-04,Uber,Travel,Essential,778.31,INR,debit,Checking,Real Rails Global Bank,-120792.39000000001,False,,,travel,,False,0.0,0.012,INR,778.31,False,28.61,72.87
SYNTHETIC_DATA_DO_NOT_USE_IN_PRODUCTION,TXN-DYN-5072,acc_credit_003,USR-2024-X92,Ananthu Anil,28,2026-04-09,2026-04,Netflix,Entertainment,Recurring,2348.83,INR,debit,Checking,Real Rails Global Bank,-108266.72000000002,True,,,entertainment,,False,0.0,0.012,INR,2348.83,False,19.07,77.2
SYNTHETIC_DATA_DO_NOT_USE_IN_PRODUCTION,TXN-DYN-5073,acc_check_002,USR-2024-X92,Ananthu Anil,28,2026-04-03,2026-04,Apple Store,Tech,One-off,12409.0,INR,debit,Checking,Real Rails Global Bank,-133201.39,False,,,tech,,False,0.0,0.012,INR,12409.0,False,19.07,77.59
SYNTHETIC_DATA_DO_NOT_USE_IN_PRODUCTION,TXN-DYN-5074,acc_check_002,USR-2024-X92,Ananthu Anil,28,2026-03-02,2026-03,Zomato,Food,Discretionary,2166.46,INR,debit,Checking,Real Rails Global Bank,-135367.85,False,,,food,,False,0.0,0.012,INR,2166.46,False,28.61,77.2
SYNTHETIC_DATA_DO_NOT_USE_IN_PRODUCTION,TXN-DYN-5075,acc_check_002,USR-2024-X92,Ananthu Anil,28,2026-04-26,2026-04,Zomato,Food,Discretionary,1646.91,INR,debit,Checking,Real Rails Global Bank,-137014.76,False,,,food,,False,0.0,0.012,INR,1646.91,False,28.61,77.2
SYNTHETIC_DATA_DO_NOT_USE_IN_PRODUCTION,TXN-DYN-5076,acc_check_002,USR-2024-X92,Ananthu Anil,28,2026-04-07,2026-04,Zomato,Food,Discretionary,2387.21,INR,debit,Checking,Real Rails Global Bank,-139401.97,False,,,food,,False,0.0,0.012,INR,2387.21,False,28.61,72.87
SYNTHETIC_DATA_DO_NOT_USE_IN_PRODUCTION,TXN-DYN-5077,acc_check_002,USR-2024-X92,Ananthu Anil,28,2026-03-19,2026-03,Starbucks,Food,Discretionary,1616.81,INR,debit,Checking,Real Rails Global Bank,-141018.78,False,,,food,,False,0.0,0.012,INR,1616.81,False,19.07,77.2
SYNTHETIC_DATA_DO_NOT_USE_IN_PRODUCTION,TXN-DYN-5078,acc_check_002,USR-2024-X92,Ananthu Anil,28,2026-03-27,2026-03,Uber,Travel,Essential,990.35,INR,debit,Checking,Real Rails Global Bank,-142009.13,False,,,travel,,False,0.0,0.012,INR,990.35,False,19.07,77.59
SYNTHETIC_DATA_DO_NOT_USE_IN_PRODUCTION,TXN-DYN-5079,acc_credit_003,USR-2024-X92,Ananthu Anil,28,2026-04-14,2026-04,Shell Fuel,Automotive,Essential,590.33,INR,debit,Checking,Real Rails Global Bank,-108857.05000000002,False,,,automotive,,False,0.0,0.012,INR,590.33,False,12.97,72.87
SYNTHETIC_DATA_DO_NOT_USE_IN_PRODUCTION,TXN-DYN-5080,acc_credit_003,USR-2024-X92,Ananthu Anil,28,2026-05-05,2026-05,Amazon,Shopping,Discretionary,1596.82,INR,debit,Checking,Real Rails Global Bank,-110453.87000000002,False,,,shopping,,False,0.0,0.012,INR,1596.82,False,19.07,77.59
SYNTHETIC_DATA_DO_NOT_USE_IN_PRODUCTION,TXN-DYN-5081,acc_check_002,USR-2024-X92,Ananthu Anil,28,2026-04-20,2026-04,Netflix,Entertainment,Recurring,1416.79,INR,debit,Checking,Real Rails Global Bank,-143425.92,True,,,entertainment,,False,0.0,0.012,INR,1416.79,False,28.61,72.87
SYNTHETIC_DATA_DO_NOT_USE_IN_PRODUCTION,TXN-DYN-5082,acc_credit_003,USR-2024-X92,Ananthu Anil,28,2026-04-12,2026-04,Uber,Travel,Essential,417.36,INR,debit,Checking,Real Rails Global Bank,-110871.23000000003,False,,,travel,,False,0.0,0.012,INR,417.36,False,19.07,77.2
SYNTHETIC_DATA_DO_NOT_USE_IN_PRODUCTION,TXN-DYN-5083,acc_credit_003,USR-2024-X92,Ananthu Anil,28,2026-05-04,2026-05,Zomato,Food,Discretionary,1129.45,INR,debit,Checking,Real Rails Global Bank,-112000.68000000002,False,,,food,,False,0.0,0.012,INR,1129.45,False,28.61,77.2
SYNTHETIC_DATA_DO_NOT_USE_IN_PRODUCTION,TXN-DYN-5084,acc_check_002,USR-2024-X92,Ananthu Anil,28,2026-04-23,2026-04,Netflix,Entertainment,Recurring,394.45,INR,debit,Checking,Real Rails Global Bank,-143820.37000000002,True,,,entertainment,,False,0.0,0.012,INR,394.45,False,28.61,77.59
SYNTHETIC_DATA_DO_NOT_USE_IN_PRODUCTION,TXN-DYN-5085,acc_check_002,USR-2024-X92,Ananthu Anil,28,2026-04-09,2026-04,Netflix,Entertainment,Recurring,2122.49,INR,debit,Checking,Real Rails Global Bank,-145942.86000000002,True,,,entertainment,,False,0.0,0.012,INR,2122.49,False,19.07,77.2
SYNTHETIC_DATA_DO_NOT_USE_IN_PRODUCTION,TXN-DYN-5086,acc_check_002,USR-2024-X92,Ananthu Anil,28,2026-04-29,2026-04,Starbucks,Food,Discretionary,1279.75,INR,debit,Checking,Real Rails Global Bank,-147222.61000000002,False,,,food,,False,0.0,0.012,INR,1279.75,False,12.97,77.2
SYNTHETIC_DATA_DO_NOT_USE_IN_PRODUCTION,TXN-DYN-5087,acc_credit_003,USR-2024-X92,Ananthu Anil,28,2026-03-06,2026-03,Apple Store,Tech,One-off,14201.96,INR,debit,Checking,Real Rails Global Bank,-126202.64000000001,False,,,tech,,False,0.0,0.012,INR,14201.96,False,12.97,77.2
SYNTHETIC_DATA_DO_NOT_USE_IN_PRODUCTION,TXN-DYN-5088,acc_check_002,USR-2024-X92,Ananthu Anil,28,2026-05-06,2026-05,Starbucks,Food,Discretionary,663.96,INR,debit,Checking,Real Rails Global Bank,-147886.57,False,,,food,,False,0.0,0.012,INR,663.96,False,28.61,77.59
SYNTHETIC_DATA_DO_NOT_USE_IN_PRODUCTION,TXN-DYN-5089,acc_credit_003,USR-2024-X92,Ananthu Anil,28,2026-03-27,2026-03,Starbucks,Food,Discretionary,226.09,INR,debit,Checking,Real Rails Global Bank,-126428.73000000001,False,,,food,,False,0.0,0.012,INR,226.09,False,12.97,77.2
SYNTHETIC_DATA_DO_NOT_USE_IN_PRODUCTION,TXN-DYN-5090,acc_check_002,USR-2024-X92,Ananthu Anil,28,2026-03-09,2026-03,Swiggy,Food,Essential,1192.16,INR,debit,Checking,Real Rails Global Bank,-149078.73,False,,,food,,False,0.0,0.012,INR,1192.16,False,28.61,77.59
SYNTHETIC_DATA_DO_NOT_USE_IN_PRODUCTION,TXN-DYN-5091,acc_credit_003,USR-2024-X92,Ananthu Anil,28,2026-04-30,2026-04,Swiggy,Food,Essential,455.83,INR,debit,Checking,Real Rails Global Bank,-126884.56000000001,False,,,food,,False,0.0,0.012,INR,455.83,False,12.97,72.87
SYNTHETIC_DATA_DO_NOT_USE_IN_PRODUCTION,TXN-DYN-5092,acc_check_002,USR-2024-X92,Ananthu Anil,28,2026-04-24,2026-04,Shell Fuel,Automotive,Essential,909.06,INR,debit,Checking,Real Rails Global Bank,-149987.79,False,,,automotive,,False,0.0,0.012,INR,909.06,False,19.07,72.87
SYNTHETIC_DATA_DO_NOT_USE_IN_PRODUCTION,TXN-DYN-5093,acc_check_002,USR-2024-X92,Ananthu Anil,28,2026-03-23,2026-03,Apple Store,Tech,One-off,32552.53,INR,debit,Checking,Real Rails Global Bank,-182540.32,False,,,tech,,True,0.88,0.012,INR,32552.53,False,19.07,77.2
SYNTHETIC_DATA_DO_NOT_USE_IN_PRODUCTION,TXN-DYN-5094,acc_check_002,USR-2024-X92,Ananthu Anil,28,2026-04-02,2026-04,Zomato,Food,Discretionary,413.16,INR,debit,Checking,Real Rails Global Bank,-182953.48,False,,,food,,False,0.0,0.012,INR,413.16,False,12.97,72.87
SYNTHETIC_DATA_DO_NOT_USE_IN_PRODUCTION,TXN-DYN-5095,acc_credit_003,USR-2024-X92,Ananthu Anil,28,2026-05-01,2026-05,Swiggy,Food,Essential,1142.56,INR,debit,Checking,Real Rails Global Bank,-128027.12000000001,False,,,food,,False,0.0,0.012,INR,1142.56,False,19.07,77.2
SYNTHETIC_DATA_DO_NOT_USE_IN_PRODUCTION,TXN-DYN-5096,acc_check_002,USR-2024-X92,Ananthu Anil,28,2026-04-04,2026-04,Amazon,Shopping,Discretionary,783.03,INR,debit,Checking,Real Rails Global Bank,-183736.51,False,,,shopping,,False,0.0,0.012,INR,783.03,False,19.07,77.59
SYNTHETIC_DATA_DO_NOT_USE_IN_PRODUCTION,TXN-DYN-5097,acc_credit_003,USR-2024-X92,Ananthu Anil,28,2026-03-13,2026-03,Uber,Travel,Essential,323.15,INR,debit,Checking,Real Rails Global Bank,-128350.27,False,,,travel,,False,0.0,0.012,INR,323.15,False,12.97,77.59
SYNTHETIC_DATA_DO_NOT_USE_IN_PRODUCTION,TXN-DYN-5098,acc_credit_003,USR-2024-X92,Ananthu Anil,28,2026-03-15,2026-03,Uber,Travel,Essential,902.24,INR,debit,Checking,Real Rails Global Bank,-129252.51000000001,False,,,travel,,False,0.0,0.012,INR,902.24,False,12.97,72.87
SYNTHETIC_DATA_DO_NOT_USE_IN_PRODUCTION,TXN-DYN-5099,acc_check_002,USR-2024-X92,Ananthu Anil,28,2026-02-12,2026-02,Zomato,Food,Discretionary,1026.25,INR,debit,Checking,Real Rails Global Bank,-184762.76,False,,,food,,False,0.0,0.012,INR,1026.25,False,28.61,77.59
SYNTHETIC_DATA_DO_NOT_USE_IN_PRODUCTION,TXN-DYN-5100,acc_credit_003,USR-2024-X92,Ananthu Anil,28,2026-04-10,2026-04,Zomato,Food,Discretionary,1528.79,INR,debit,Checking,Real Rails Global Bank,-130781.3,False,,,food,,False,0.0,0.012,INR,1528.79,False,28.61,77.59
SYNTHETIC_DATA_DO_NOT_USE_IN_PRODUCTION,TXN-DYN-5101,acc_check_002,USR-2024-X92,Ananthu Anil,28,2026-02-17,2026-02,Netflix,Entertainment,Recurring,1410.5,INR,debit,Checking,Real Rails Global Bank,-186173.26,True,,,entertainment,,False,0.0,0.012,INR,1410.5,False,12.97,77.59
SYNTHETIC_DATA_DO_NOT_USE_IN_PRODUCTION,TXN-DYN-5102,acc_credit_003,USR-2024-X92,Ananthu Anil,28,2026-03-11,2026-03,Uber,Travel,Essential,899.65,INR,debit,Checking,Real Rails Global Bank,-131680.95,False,,,travel,,False,0.0,0.012,INR,899.65,False,12.97,72.87
SYNTHETIC_DATA_DO_NOT_USE_IN_PRODUCTION,TXN-DYN-5103,acc_check_002,USR-2024-X92,Ananthu Anil,28,2026-03-17,2026-03,Starbucks,Food,Discretionary,1853.85,INR,debit,Checking,Real Rails Global Bank,-188027.11000000002,False,,,food,,False,0.0,0.012,INR,1853.85,False,28.61,72.87
SYNTHETIC_DATA_DO_NOT_USE_IN_PRODUCTION,TXN-DYN-5104,acc_check_002,USR-2024-X92,Ananthu Anil,28,2026-02-24,2026-02,Zomato,Food,Discretionary,1554.05,INR,debit,Checking,Real Rails Global Bank,-189581.16,False,,,food,,False,0.0,0.012,INR,1554.05,False,19.07,77.2
SYNTHETIC_DATA_DO_NOT_USE_IN_PRODUCTION,TXN-DYN-5105,acc_check_002,USR-2024-X92,Ananthu Anil,28,2026-03-09,2026-03,Apple Store,Tech,One-off,41015.61,INR,debit,Checking,Real Rails Global Bank,-230596.77000000002,False,,,tech,,True,0.88,0.012,INR,41015.61,False,12.97,77.2
SYNTHETIC_DATA_DO_NOT_USE_IN_PRODUCTION,TXN-DYN-5106,acc_check_002,USR-2024-X92,Ananthu Anil,28,2026-05-06,2026-05,Zomato,Food,Discretionary,796.7,INR,debit,Checking,Real Rails Global Bank,-231393.47000000003,False,,,food,,False,0.0,0.012,INR,796.7,False,28.61,77.59
SYNTHETIC_DATA_DO_NOT_USE_IN_PRODUCTION,TXN-DYN-5107,acc_credit_003,USR-2024-X92,Ananthu Anil,28,2026-03-28,2026-03,Starbucks,Food,Discretionary,781.96,INR,debit,Checking,Real Rails Global Bank,-132462.91,False,,,food,,False,0.0,0.012,INR,781.96,False,28.61,77.2
SYNTHETIC_DATA_DO_NOT_USE_IN_PRODUCTION,TXN-DYN-5108,acc_check_002,USR-2024-X92,Ananthu Anil,28,2026-02-20,2026-02,Swiggy,Food,Essential,2083.69,INR,debit,Checking,Real Rails Global Bank,-233477.16000000003,False,,,food,,False,0.0,0.012,INR,2083.69,False,28.61,77.2
SYNTHETIC_DATA_DO_NOT_USE_IN_PRODUCTION,TXN-DYN-5109,acc_check_002,USR-2024-X92,Ananthu Anil,28,2026-04-04,2026-04,Zomato,Food,Discretionary,573.77,INR,debit,Checking,Real Rails Global Bank,-234050.93000000002,False,,,food,,False,0.0,0.012,INR,573.77,False,12.97,77.2
SYNTHETIC_DATA_DO_NOT_USE_IN_PRODUCTION,TXN-DYN-5110,acc_credit_003,USR-2024-X92,Ananthu Anil,28,2026-03-29,2026-03,Starbucks,Food,Discretionary,692.21,INR,debit,Checking,Real Rails Global Bank,-133155.12,False,,,food,,False,0.0,0.012,INR,692.21,False,19.07,72.87
SYNTHETIC_DATA_DO_NOT_USE_IN_PRODUCTION,TXN-DYN-5111,acc_credit_003,USR-2024-X92,Ananthu Anil,28,2026-04-24,2026-04,Uber,Travel,Essential,1687.91,INR,debit,Checking,Real Rails Global Bank,-134843.03,False,,,travel,,False,0.0,0.012,INR,1687.91,False,19.07,77.59
SYNTHETIC_DATA_DO_NOT_USE_IN_PRODUCTION,TXN-DYN-5112,acc_credit_003,USR-2024-X92,Ananthu Anil,28,2026-05-07,2026-05,Shell Fuel,Automotive,Essential,477.43,INR,debit,Checking,Real Rails Global Bank,-135320.46,False,,,automotive,,False,0.0,0.012,INR,477.43,False,19.07,72.87
SYNTHETIC_DATA_DO_NOT_USE_IN_PRODUCTION,TXN-DYN-5113,acc_check_002,USR-2024-X92,Ananthu Anil,28,2026-02-12,2026-02,Shell Fuel,Automotive,Essential,2325.48,INR,debit,Checking,Real Rails Global Bank,-236376.41000000003,False,,,automotive,,False,0.0,0.012,INR,2325.48,False,19.07,77.59
SYNTHETIC_DATA_DO_NOT_USE_IN_PRODUCTION,TXN-DYN-5114,acc_check_002,USR-2024-X92,Ananthu Anil,28,2026-02-12,2026-02,Swiggy,Food,Essential,2112.61,INR,debit,Checking,Real Rails Global Bank,-238489.02000000002,False,,,food,,False,0.0,0.012,INR,2112.61,False,28.61,77.2
SYNTHETIC_DATA_DO_NOT_USE_IN_PRODUCTION,TXN-DYN-5115,acc_check_002,USR-2024-X92,Ananthu Anil,28,2026-03-22,2026-03,Starbucks,Food,Discretionary,2009.98,INR,debit,Checking,Real Rails Global Bank,-240499.00000000003,False,,,food,,False,0.0,0.012,INR,2009.98,False,28.61,77.59
SYNTHETIC_DATA_DO_NOT_USE_IN_PRODUCTION,TXN-DYN-5116,acc_credit_003,USR-2024-X92,Ananthu Anil,28,2026-03-18,2026-03,Swiggy,Food,Essential,968.24,INR,debit,Checking,Real Rails Global Bank,-136288.69999999998,False,,,food,,False,0.0,0.012,INR,968.24,False,12.97,77.2
SYNTHETIC_DATA_DO_NOT_USE_IN_PRODUCTION,TXN-DYN-5117,acc_check_002,USR-2024-X92,Ananthu Anil,28,2026-04-22,2026-04,Uber,Travel,Essential,555.46,INR,debit,Checking,Real Rails Global Bank,-241054.46000000002,False,,,travel,,False,0.0,0.012,INR,555.46,False,28.61,77.2
SYNTHETIC_DATA_DO_NOT_USE_IN_PRODUCTION,TXN-DYN-5118,acc_check_002,USR-2024-X92,Ananthu Anil,28,2026-04-08,2026-04,Apple Store,Tech,One-off,35079.6,INR,debit,Checking,Real Rails Global Bank,-276134.06,False,,,tech,,True,0.88,0.012,INR,35079.6,False,28.61,72.87
SYNTHETIC_DATA_DO_NOT_USE_IN_PRODUCTION,TXN-DYN-5119,acc_credit_003,USR-2024-X92,Ananthu Anil,28,2026-03-08,2026-03,Zomato,Food,Discretionary,1282.54,INR,debit,Checking,Real Rails Global Bank,-137571.24,False,,,food,,False,0.0,0.012,INR,1282.54,False,19.07,77.2
SYNTHETIC_DATA_DO_NOT_USE_IN_PRODUCTION,TXN-DYN-5120,acc_credit_003,USR-2024-X92,Ananthu Anil,28,2026-03-21,2026-03,Shell Fuel,Automotive,Essential,2196.92,INR,debit,Checking,Real Rails Global Bank,-139768.16,False,,,automotive,,False,0.0,0.012,INR,2196.92,False,12.97,77.59
SYNTHETIC_DATA_DO_NOT_USE_IN_PRODUCTION,TXN-DYN-5121,acc_credit_003,USR-2024-X92,Ananthu Anil,28,2026-04-06,2026-04,Swiggy,Food,Essential,2219.36,INR,debit,Checking,Real Rails Global Bank,-141987.52,False,,,food,,False,0.0,0.012,INR,2219.36,False,12.97,77.59
SYNTHETIC_DATA_DO_NOT_USE_IN_PRODUCTION,TXN-DYN-5122,acc_credit_003,USR-2024-X92,Ananthu Anil,28,2026-04-09,2026-04,Zomato,Food,Discretionary,335.38,INR,debit,Checking,Real Rails Global Bank,-142322.9,False,,,food,,False,0.0,0.012,INR,335.38,False,19.07,77.2
SYNTHETIC_DATA_DO_NOT_USE_IN_PRODUCTION,TXN-DYN-5123,acc_credit_003,USR-2024-X92,Ananthu Anil,28,2026-05-03,2026-05,Shell Fuel,Automotive,Essential,2077.83,INR,debit,Checking,Real Rails Global Bank,-144400.72999999998,False,,,automotive,,False,0.0,0.012,INR,2077.83,False,28.61,72.87
SYNTHETIC_DATA_DO_NOT_USE_IN_PRODUCTION,TXN-DYN-5124,acc_check_002,USR-2024-X92,Ananthu Anil,28,2026-03-23,2026-03,Starbucks,Food,Discretionary,2376.67,INR,debit,Checking,Real Rails Global Bank,-278510.73,False,,,food,,False,0.0,0.012,INR,2376.67,False,19.07,77.2
SYNTHETIC_DATA_DO_NOT_USE_IN_PRODUCTION,TXN-DYN-5125,acc_check_002,USR-2024-X92,Ananthu Anil,28,2026-04-06,2026-04,Zomato,Food,Discretionary,1325.08,INR,debit,Checking,Real Rails Global Bank,-279835.81,False,,,food,,False,0.0,0.012,INR,1325.08,False,28.61,77.2
SYNTHETIC_DATA_DO_NOT_USE_IN_PRODUCTION,TXN-DYN-5126,acc_credit_003,USR-2024-X92,Ananthu Anil,28,2026-03-28,2026-03,Starbucks,Food,Discretionary,916.34,INR,debit,Checking,Real Rails Global Bank,-145317.06999999998,False,,,food,,False,0.0,0.012,INR,916.34,False,28.61,72.87
SYNTHETIC_DATA_DO_NOT_USE_IN_PRODUCTION,TXN-DYN-5127,acc_credit_003,USR-2024-X92,Ananthu Anil,28,2026-02-28,2026-02,Uber,Travel,Essential,2411.54,INR,debit,Checking,Real Rails Global Bank,-147728.61,False,,,travel,,False,0.0,0.012,INR,2411.54,False,12.97,72.87
SYNTHETIC_DATA_DO_NOT_USE_IN_PRODUCTION,TXN-DYN-5128,acc_check_002,USR-2024-X92,Ananthu Anil,28,2026-05-06,2026-05,Netflix,Entertainment,Recurring,613.6,INR,debit,Checking,Real Rails Global Bank,-280449.41,True,,,entertainment,,False,0.0,0.012,INR,613.6,False,12.97,77.2
SYNTHETIC_DATA_DO_NOT_USE_IN_PRODUCTION,TXN-DYN-5129,acc_credit_003,USR-2024-X92,Ananthu Anil,28,2026-04-14,2026-04,Uber,Travel,Essential,1591.79,INR,debit,Checking,Real Rails Global Bank,-149320.4,False,,,travel,,False,0.0,0.012,INR,1591.79,False,28.61,77.59
SYNTHETIC_DATA_DO_NOT_USE_IN_PRODUCTION,TXN-DYN-5130,acc_check_002,USR-2024-X92,Ananthu Anil,28,2026-03-11,2026-03,Amazon,Shopping,Discretionary,2257.78,INR,debit,Checking,Real Rails Global Bank,-282707.19,False,,,shopping,,False,0.0,0.012,INR,2257.78,False,12.97,77.2
SYNTHETIC_DATA_DO_NOT_USE_IN_PRODUCTION,TXN-DYN-5131,acc_check_002,USR-2024-X92,Ananthu Anil,28,2026-05-06,2026-05,Starbucks,Food,Discretionary,2486.39,INR,debit,Checking,Real Rails Global Bank,-285193.58,False,,,food,,False,0.0,0.012,INR,2486.39,False,28.61,77.2
SYNTHETIC_DATA_DO_NOT_USE_IN_PRODUCTION,TXN-DYN-5132,acc_check_002,USR-2024-X92,Ananthu Anil,28,2026-04-05,2026-04,Netflix,Entertainment,Recurring,718.07,INR,debit,Checking,Real Rails Global Bank,-285911.65,True,,,entertainment,,False,0.0,0.012,INR,718.07,False,12.97,72.87
SYNTHETIC_DATA_DO_NOT_USE_IN_PRODUCTION,TXN-DYN-5133,acc_check_002,USR-2024-X92,Ananthu Anil,28,2026-04-05,2026-04,Starbucks,Food,Discretionary,2219.15,INR,debit,Checking,Real Rails Global Bank,-288130.80000000005,False,,,food,,False,0.0,0.012,INR,2219.15,False,19.07,72.87
SYNTHETIC_DATA_DO_NOT_USE_IN_PRODUCTION,TXN-DYN-5134,acc_credit_003,USR-2024-X92,Ananthu Anil,28,2026-05-10,2026-05,Starbucks,Food,Discretionary,2197.54,INR,debit,Checking,Real Rails Global Bank,-151517.94,False,,,food,,False,0.0,0.012,INR,2197.54,False,12.97,72.87
SYNTHETIC_DATA_DO_NOT_USE_IN_PRODUCTION,TXN-DYN-5135,acc_check_002,USR-2024-X92,Ananthu Anil,28,2026-04-03,2026-04,Starbucks,Food,Discretionary,1466.05,INR,debit,Checking,Real Rails Global Bank,-289596.85000000003,False,,,food,,False,0.0,0.012,INR,1466.05,False,28.61,77.59
SYNTHETIC_DATA_DO_NOT_USE_IN_PRODUCTION,TXN-DYN-5136,acc_check_002,USR-2024-X92,Ananthu Anil,28,2026-03-09,2026-03,Starbucks,Food,Discretionary,1193.63,INR,debit,Checking,Real Rails Global Bank,-290790.48000000004,False,,,food,,False,0.0,0.012,INR,1193.63,False,19.07,77.59
SYNTHETIC_DATA_DO_NOT_USE_IN_PRODUCTION,TXN-DYN-5137,acc_credit_003,USR-2024-X92,Ananthu Anil,28,2026-03-25,2026-03,Zomato,Food,Discretionary,2452.01,INR,debit,Checking,Real Rails Global Bank,-153969.95,False,,,food,,False,0.0,0.012,INR,2452.01,False,19.07,77.59
SYNTHETIC_DATA_DO_NOT_USE_IN_PRODUCTION,TXN-EC-001,acc_check_002,USR-2024-X92,Ananthu Anil,28,2026-05-13,2026-05,OVERDRAFT_FEE,Bank Fees,Penalty,25.0,INR,debit,Checking,Real Rails Global Bank,-500.0,False,,,general,EDGE: Overdraft triggered due to low liquidity,False,0.0,0.012,INR,25.0,False,,
SYNTHETIC_DATA_DO_NOT_USE_IN_PRODUCTION,TXN-EC-002,acc_credit_003,USR-2024-X92,Ananthu Anil,28,2026-05-18,2026-05,FUTURE_FLIGHT_BOOKING,Travel,Discretionary,15400.0,INR,debit,Checking,Real Rails Global Bank,-169369.95,False,,,general,EDGE: Future dated transaction,False,0.0,0.012,INR,15400.0,False,,
SYNTHETIC_DATA_DO_NOT_USE_IN_PRODUCTION,TXN-EC-003,acc_credit_003,USR-2024-X92,Ananthu Anil,28,2026-05-11,2026-05,MERCHANT_REFUND_PENDING,Refund,Correction,0.0,INR,credit,Checking,Real Rails Global Bank,-153969.95,False,,,general,EDGE: Reversal state with 0.0 amount,False,0.0,0.012,INR,0.0,False,,
